500,Лонгборд,Лонгборд
501,Скейтборд ROGERS,Скейборд
502,Скейтборд KROWN,Скейборд
550,Самокат взрослый черный,
551,Самокат детский оранжевый,самокат детский
552,Спмокат детский золотой Scooter,самокат детский
553,самокат детский зеленый,самокат детский
600, ролики(кр)magnum m1 разм.10 us (43),ролики взрослые
601,ролики amigo sport  35-38,ролики взрослые
602,ролики (кр)african leopard 28-31,ролики взрослые
603,ролики (кр)maxcity spark 40-43,ролики взрослые
604,ролики (кр)maxAmigo 38-41,ролики взрослые
614,ролики (кр)maxcity 46,ролики взрослые
605,ролики (кр)красные детские,ролики детские
606,ролики (кр)кислотные железные детские,ролики детские
607,ролики (кр)фиолетовые железные детские,ролики детские
611,ролики maxcity розовые 38-41,ролики взрослые
612,ролики maxcity синие 35-38,ролики взрослые
613,ролики active fit. 3 разм. 37,ролики взрослые
620,(кр)красно-белые детские светяттся колеса,ролики детские
608,oxelo фиолетовые,ролики взрослые
609,oxelo черно-белые,ролики взрослые
610,oxelo черно-розовые,ролики взрослые
615,sport collection сине белые,ролики взрослые
616,max city 40-43р желто белые стертые колесики,ролики взрослые
617,max city желто-белые vega 35-38р,ролики взрослые
618,38-41сине-белые max city,ролики взрослые
619,maxAmigo 38-41,ролики взрослые
621,maxAmigo 38-41,ролики взрослые
700,Кресло детское до 22 кг,Кресло детское 22
701,Кресло детское до 15 кг,Кресло детское 15
702,Кресло детское до 22 кг,Кресло детское 22
703,Кресло детское до 22 кг,Кресло детское 22
704,Кресло детское до 15 кг,Кресло детское 15
705,Кресло детское до 22 кг,Кресло детское 22
800,шлем черный взрослый oxello 58-61 с креплением для go pro,шлем
801,шлем черный взрослый CAN зимний,шлем
802,шлем черный взрослый oxello 55-58,шлем
803,шлем черный взрослый oxello 55-58,шлем
804,шлем черный взрослый oxello 54-58,шлем
805,шлем черный взрослый classic 55-59,шлем
806,шлем белый взрослый oxello ,шлем
807,шлем белый взрослый oxello 58-61,шлем
808,шлем белый взрослый oxello 58-61,шлем
809,шлем синий летний пенопласт размер L,шлем
сп1,спальный мешок черный,Спальник
сп2,спальный мешок черный,Спальник
сп3,спальный мешок черный,Спальник
сп4,спальный мешок черный,Спальник
сп5,спальный мешок черный,Спальник
сп6,спальный мешок оранжевый,Спальник
сп7,спальный мешок оранжевый,Спальник
сп8,спальный мешок черно-желтый,Спальник
п1,палатка синий,"Одноместная, двухместная палатка"
п2,палатка синий,"Одноместная, двухместная палатка"
п3,палатка синий,"Одноместная, двухместная палатка"
п4,палатка синий,"Одноместная, двухместная палатка"
п5,палатка синий,"Одноместная, двухместная палатка"
п6,палатка синий,"Одноместная, двухместная палатка"
п7,палатка синий,"Одноместная, двухместная палатка"
п8,палатка зеленый,"Одноместная, двухместная палатка"
п9,палатка зеленый,"Одноместная, двухместная палатка"
п10,палатка синий,"Одноместная, двухместная палатка"
п11,палатка хаки,"Одноместная, двухместная палатка"
гп2,"камера,флешка 16gb,шнур зарядка,бокс х2 шт,крышка водонепрониц, крышка водопрониц.",Gopro 2
гп3,"камера,флешка,шнур зарядка,бокс для воды",Gopro 3
гп3+,"камера,флешка,шнур зарядка,бокс для воды",Gopro 3+
с1,blackfire (с-bf) 157,сноуборд
с2,Strike Bone(c-sb) 160,сноуборд
с3,RoyalFlush (c-rf) 161,сноуборд
с4,SC Oop (c-so) 160,сноуборд
с5,Black Fire (c- bf) 159,сноуборд
с6,SpecialLady  (c - sl) 152,сноуборд
с7,BlackFire Scoup 160 (2015),сноуборд
с8,Bone targa 151,сноуборд
Б1,BlackFire 42,ботинки для сноуборда
Б2,BlackFire 41,ботинки для сноуборда
Б3,BlackFire 44,ботинки для сноуборда
Б4,BlackFire 40,ботинки для сноуборда
Б5,BlackFire 39,ботинки для сноуборда
Б6,BlackFire 43,ботинки для сноуборда
Б7,"Bone 42,5",ботинки для сноуборда
Б8,"wed'ze boogey, 37 ",ботинки для сноуборда
ЛБ1,Rossignol  Xtour intense 195 синие,беговые лыжи
ЛБ2,Rossignol  Xtour venture 170 красные,беговые лыжи
ЛБ3,Rossignol  Xtour venture 170 красные,беговые лыжи
БЛБ1,Rossignol  Xtour черные 44,лыжние ботинки
БЛБ2,Rossignol  Xtour светлые 38,лыжние ботинки
БЛБ3,Rossignol  Xtour светлые 38,лыжние ботинки
ПЛБ1,Leki vasa 145,палки лыжные
ПЛБ2,One way diamant 155,палки лыжные
ПЛБ3,Flash aluminium 150,палки лыжные