1,Schwinn Corvette ,круизер
2,Schwinn Corvette ,круизер
9,Schwinn Tango Tandem,тандем
3,Schwinn Cruiser One,круизер
4,Schwinn Cruiser One,круизер
5,Schwinn Cruiser One Woman,круизер
8,Schwinn Cruiser One Woman,круизер
6,Schwinn Cruiser One Woman,круизер
7,Schwinn Cruiser One Woman,круизер
10,Giant Single Simple,круизер
11,Giant Single Simple,круизер
12,Giant Single Simple,круизер
13,Sibvelz,круизер
14,Sibvelz,круизер
15,Sibvelz,круизер
16,Sibvelz,круизер
17,Sibvelz,круизер
18,Sibvelz,круизер
19,Sibvelz,круизер
20,Sibvelz,круизер
21,Sibvelz,круизер
22,Sibvelz,круизер
25,Sibvelz Woman,город
24,Sibvelz Woman,город
26,Sibvelz Woman,город
23,Sibvelz Woman,город
27,Trek Drift Surf,круизер
28,KHS Alite 150,горный
29,KHS Alite 150,горный
30,KHS Alite 150,горный
31,KHS Alite 150,горный
32,Bergamont vitox 6.3,горный
33,Bergamont vitox 6.3,горный
34,Bergamont vitox 5.3,горный
35,Bergamont vitox 5.3,горный
36,Bergamont vitox 5.3,горный
37,Bergamont vitox 5.3,горный
38,Bergamont vitox 5.3,горный
39,Bergamont vitox 5.3,горный
40,stels navigator 850,горный
41,stels navigator 810,горный
42,stels pilot 720,подростковый
43,stels navigator 500,горный
44,stels navigator 500,горный
45,stels navigator 500,горный
46,stels navigator 500,горный
47,stels navigator 500,горный
48,stels navigator 500,горный
49,stels navigator 500,горный
50,stels navigator 500,горный
51,stels navigator 500,горный
52,stels navigator 440,горный
53,stels navigator 310,город
54,stels navigator 310,город
55,giant boulder 3,горный
56,giant boulder 3,горный
57,giant snap,горный
58,giant snap,горный
59,nordway cascade,горный
60,nordway gt70,горный
61,nordway active,горный
62,nordway uptown,горный
63,nordway trail,горный
64,stern dynamik 1.0,горный
65,stern dynamik 2.0,горный
66,element active,горный
67,element active,горный
68,kross trans siberian,горный
69,kross hexagon x4,горный
70,merida matts TFS100,горный
71,specialized,горный
72,rockrider 5.2,горный
73,haro flightline,горный
74,viper evolution 100,горный
75,gt agressor,горный
76,stark,горный
77,Scott boulder,горный
78,Scott YZ3,горный
79,nordway cascade,горный
80,Giant Boulder 3 Woman,горный
81,Skystyle Woman,горный
82,Murray,горный
83,Scope,горный
84,Haro BMX,горный
85,Pegas,горный
86,ХВЗ Велосупер,горный
87,Trek 3700,горный
88,Stern Maya,горный
89,Stern Motion 3.0,горный
90,TopGear Sigma 225,горный
91,Univega Alpina,горный
92,stels navigator 610,горный
93,stels navigator 610,горный
94,stels navigator 610,горный
95,stels navigator 610,горный
96,stels navigator 610,горный
97,stels navigator 610,горный
98,stels navigator 610,горный
99,stels navigator 610,горный
100,stels navigator 610,горный
101,stels navigator 610,горный
,,
110,Schwinn Voyageur 2,Круизер
111,Schwinn Voyageur 2,Круизер
112,Schwinn Voyageur 2,Круизер
113,Schwinn Voyageur 2,Круизер
114,Schwinn Voyageur 2,Круизер
115,Schwinn Voyageur 2,Круизер
116,Schwinn Voyageur 2,Круизер
117,Schwinn Voyageur 2,Круизер
118,Schwinn Voyageur 2,Круизер
119,Schwinn Voyageur 2,Круизер
120,Schwinn Tango Tandem,тандем
121,Schwinn Tango Tandem,тандем
108,Schwinn Roadster trike Kids,детский
109,Schwinn Roadster trike Kids,детский
102,Scott YZ3,горный
103,nordway uptown red,горный
104,Фикс,фикс
105,Электро велосипед,электро
106,Торнадо,детский
107,Пегас ,детский
122,Stels  NAVIGATOR ,город
123,Stels  NAVIGATOR ,город
124,Stels  NAVIGATOR ,город
125,Stels  NAVIGATOR ,город
126,Stels  NAVIGATOR ,город
127,Stels  NAVIGATOR ,город
128,детск. красный атлант,детский
129,рикша,рикша
130,самокат детский зеленый,самокат
131,РИКША,рикша
132,trek alpaha,шоссе
133,trek alpaha,шоссе
134,Номер свободен фикс передан Степану,
135,stels navigator 610,горный
136,stels navigator 610,горный
137,stels navigator 610,горный
138,stels navigator 610,горный
139,stels navigator 610,горный
140,stels navigator 610,горный
141,stels navigator 610,горный
142,stels navigator 610,горный
143,stels navigator 610,горный
144,stels navigator 610,горный
145,stels miss 6000,горный
146,stels miss 6000,горный
147,stels miss 6000,горный
148,stels miss 6000,горный
,,
149,stern dynamik 1.0,горный
,,
150,Trek Mystic голубой детский ,детский
151,Самокат Кусты,самокат
152,Детский прицеп для велосипеда,прицеп
153,Look,шоссе
154,stern dynamic ,горный
155,Велосипед детский цыганский),детский
156,next,
157, bulls wildcross aa30563343,горный
158,del sol ,круизер
159,del sol ,круизер
160,del sol ,круизер
161,del sol ,круизер
162,Electra bicyclecd,круизер
163,Electra,круизер
164,MBK,горный
165,Stels Navigator 410,подростковый
166,Stels Navigator 340,городской
167,Stels Navigator 340,городской
168,Stels Navigator 340,городской
169,Stels Navigator 340,городской
170,Stels Navigator 340,городской
171,Stels Navigator 340,городской
172,Stels Navigator 340,городской
173,Stels Navigator 340,городской
174,Stels Navigator 340,городской
175,Stels Navigator 340,городской
176,Stels Navigator 130,городской
177,Stels Navigator 130,городской
178,Stels Navigator 290,городской
179,Stels Navigator 290,городской
180,Тrek детский прицеп,прицеп
181,Nordway aktiv 80 синий,горный
182,Желтый велик детский,детский
183,Stels Navigator 570,горный
184,Союз,
185,Cinelli-185,шоссе
186,Kross level A2,горный
187,Stels Navigator 930,горный
188,Novatrach Taxi детский,детский